Div,Date,Time,HomeTeam,AwayTeam,FTHG,FTAG,FTR,HTHG,HTAG,HTR,HS,AS,HST,AST,HF,AF,HC,AC,HY,AY,HR,AR,B365H,B365D,B365A,BWH,BWD,BWA,IWH,IWD,IWA,PSH,PSD,PSA,WHH,WHD,WHA,VCH,VCD,VCA,MaxH,MaxD,MaxA,AvgH,AvgD,AvgA,B365>2.5,B365<2.5,P>2.5,P<2.5,Max>2.5,Max<2.5,Avg>2.5,Avg<2.5,AHh,B365AHH,B365AHA,PAHH,PAHA,MaxAHH,MaxAHA,AvgAHH,AvgAHA,B365CH,B365CD,B365CA,BWCH,BWCD,BWCA,IWCH,IWCD,IWCA,PSCH,PSCD,PSCA,WHCH,WHCD,WHCA,VCCH,VCCD,VCCA,MaxCH,MaxCD,MaxCA,AvgCH,AvgCD,AvgCA,B365C>2.5,B365C<2.5,PC>2.5,PC<2.5,MaxC>2.5,MaxC<2.5,AvgC>2.5,AvgC<2.5,AHCh,B365CAHH,B365CAHA,PCAHH,PCAHA,MaxCAHH,MaxCAHA,AvgCAHH,AvgCAHA
B1,22/07/2022,19:45,Standard,Gent,2,2,D,1,0,H,7,25,3,9,14,13,2,12,5,2,1,0,4.2,3.6,1.85,4,3.5,1.9,3.8,3.45,1.9,4.27,3.67,1.89,3.6,3.4,2,4.1,3.5,1.85,4.7,3.69,1.91,4.07,3.53,1.88,2,1.85,2,1.87,2.05,1.89,1.97,1.82,0.5,2,1.85,2,1.89,2.03,1.91,1.95,1.87,4,3.5,1.9,4.2,3.6,1.87,3.9,3.5,1.9,4.36,3.58,1.9,3.6,3.4,2,4.1,3.5,1.85,5,3.75,1.95,4.16,3.55,1.86,2,1.85,2.01,1.86,2.1,1.95,1.97,1.83,0.5,1.98,1.88,1.99,1.9,2.02,1.93,1.95,1.85
B1,23/07/2022,15:00,Charleroi,Eupen,3,1,H,1,0,H,12,8,5,7,10,12,2,1,2,1,0,0,1.61,3.6,4.75,1.68,4,4.75,1.67,3.95,4.6,1.68,4.35,4.69,1.75,3.8,4.2,1.65,3.9,4.8,1.75,4.4,4.8,1.67,4.05,4.59,1.66,2.15,1.65,2.31,1.67,2.34,1.63,2.23,-0.75,1.83,2.02,1.85,2.04,1.87,2.06,1.83,2,1.61,3.75,4.75,1.7,4.1,4.6,1.67,3.95,4.6,1.66,4.26,5.01,1.75,3.8,4.2,1.65,4.1,4.6,1.74,4.31,5.01,1.66,4.09,4.65,1.6,2.3,1.62,2.37,1.66,2.38,1.6,2.3,-0.75,1.83,2.02,1.83,2.07,1.92,2.11,1.82,2
B1,23/07/2022,17:15,Kortrijk,Oud-Heverlee Leuven,0,2,A,0,0,D,15,19,2,6,14,13,6,4,3,0,0,0,2.37,3.2,2.87,2.35,3.5,2.87,2.35,3.4,2.8,2.47,3.65,2.81,2.3,3.5,2.88,2.4,3.4,2.8,2.47,3.74,2.9,2.39,3.51,2.79,1.65,2.2,1.67,2.28,1.7,2.33,1.64,2.22,-0.25,2.1,1.77,2.14,1.76,2.14,1.83,2.08,1.76,2.3,3.1,3,2.4,3.4,2.95,2.35,3.3,2.85,2.4,3.45,3.06,2.3,3.5,2.88,2.3,3.5,2.88,2.56,3.66,3.06,2.36,3.37,2.92,1.75,2.05,1.79,2.09,1.8,2.35,1.75,2.08,-0.25,2.05,1.8,2.07,1.83,2.1,1.86,2.03,1.8
B1,23/07/2022,17:15,Waregem,Seraing,2,0,H,0,0,D,18,2,8,0,14,17,7,0,1,1,0,0,2.15,3.5,2.9,2.2,3.5,3.1,2.2,3.5,2.9,2.2,3.83,3.14,2.25,3.4,3,2.15,3.5,3.1,2.35,3.83,3.15,2.2,3.58,3.03,1.72,2.07,1.8,2.07,1.88,2.16,1.75,2.05,-0.25,1.93,1.93,1.93,1.96,1.97,1.96,1.91,1.91,1.9,3.5,3.6,1.98,3.6,3.8,2,3.5,3.45,1.96,3.54,4.13,2.25,3.4,3,1.91,3.6,3.7,2.1,3.8,4.13,1.97,3.54,3.69,1.9,1.95,1.88,1.99,1.93,2.05,1.82,1.98,-0.5,1.98,1.88,1.96,1.93,2.04,1.96,1.95,1.87
B1,23/07/2022,19:45,St Truiden,St. Gilloise,1,1,D,1,0,H,11,14,3,3,9,11,0,5,1,4,0,0,4.33,3.2,1.85,4.1,3.5,1.9,3.9,3.35,1.9,4.13,3.62,1.93,4,3.4,1.91,4,3.4,1.9,4.45,3.65,1.97,3.98,3.48,1.91,2.05,1.8,2.06,1.82,2.07,1.94,1.99,1.79,0.5,1.93,1.93,1.95,1.93,1.95,1.97,1.9,1.91,3.3,2.8,2.3,3.3,3.2,2.25,3.2,3.05,2.3,3.65,3.06,2.31,4,3.4,1.91,3.25,3.2,2.2,4,3.34,2.38,3.34,3.11,2.28,2.3,1.6,2.32,1.65,2.35,1.94,2.22,1.65,0.25,1.9,1.95,1.94,1.94,1.94,2.01,1.89,1.93
B1,24/07/2022,12:30,Club Brugge,Genk,3,2,H,1,1,D,15,16,5,10,7,17,4,3,1,2,0,0,1.72,3.75,4.2,1.77,4.1,4,1.73,4,3.9,1.76,4.33,4.2,1.78,3.9,4,1.73,4,4.1,1.79,4.33,4.65,1.74,4.1,4.08,1.47,2.6,1.47,2.74,1.48,2.76,1.45,2.65,-0.75,1.95,1.9,1.95,1.93,1.98,1.94,1.93,1.89,1.95,3.5,3.6,1.85,3.9,3.9,1.95,3.65,3.5,1.92,3.84,3.96,1.78,3.9,4,1.87,3.75,3.7,2.02,4.1,4.3,1.9,3.8,3.7,1.57,2.35,1.6,2.42,1.68,2.47,1.57,2.38,-0.5,2,1.85,1.92,1.97,2.07,1.98,1.89,1.91
B1,24/07/2022,15:00,Mechelen,Antwerp,0,2,A,0,2,A,13,9,2,3,10,9,6,2,1,1,0,0,2.55,3.25,2.5,2.6,3.6,2.55,2.6,3.45,2.55,2.63,3.77,2.51,2.55,3.2,2.75,2.6,3.5,2.5,2.85,3.82,2.65,2.61,3.56,2.5,1.57,2.35,1.59,2.39,1.64,2.42,1.57,2.34,0,1.95,1.9,1.97,1.88,2.05,1.95,1.95,1.86,2.87,3.1,2.3,2.87,3.5,2.45,2.75,3.35,2.4,3.01,3.42,2.45,2.55,3.2,2.75,2.88,3.4,2.3,3.08,3.7,2.51,2.85,3.4,2.4,1.7,2.1,1.75,2.14,1.82,2.21,1.73,2.1,0.25,1.77,2.1,1.81,2.11,1.83,2.18,1.77,2.08
B1,24/07/2022,17:30,Anderlecht,Oostende,2,0,H,1,0,H,13,8,3,1,9,8,7,5,0,4,0,1,1.25,5.5,9,1.3,5.5,9.75,1.27,6,9.5,1.3,5.79,8.87,1.3,5.25,9,1.25,5.75,10.5,1.32,6,11,1.27,5.73,9.61,1.53,2.4,1.54,2.48,1.59,2.6,1.53,2.46,-1.5,1.75,2.05,1.81,2.03,1.85,2.13,1.79,2.03,1.33,5.25,8.5,1.33,5.5,8.5,1.35,5.25,7.75,1.35,5.87,7.76,1.3,5.25,9,1.3,5.25,9,1.35,5.9,9.45,1.33,5.4,8.2,1.53,2.4,1.56,2.52,1.58,2.7,1.53,2.48,-1.5,1.95,1.9,1.98,1.91,2,1.98,1.93,1.88
B1,24/07/2022,20:00,Westerlo,Cercle Brugge,2,0,H,1,0,H,18,4,8,0,12,20,3,4,1,5,0,1,2.5,3.2,2.7,2.6,3.4,2.6,2.5,3.25,2.65,2.61,3.39,2.74,2.7,3.3,2.5,2.55,3.25,2.7,2.8,3.57,2.79,2.56,3.32,2.68,1.9,1.95,1.92,1.92,1.94,2.02,1.87,1.91,0,1.88,1.98,1.88,1.98,1.96,2.03,1.86,1.95,2.37,3.1,3.1,2.3,3.4,3.1,2.3,3.3,2.9,2.43,3.32,3.13,2.7,3.3,2.5,2.38,3.3,2.88,2.55,3.56,3.13,2.38,3.3,2.97,2.07,1.72,2.06,1.81,2.13,1.93,1.97,1.82,-0.25,2.05,1.8,2.08,1.83,2.09,1.85,2.03,1.8
B1,29/07/2022,19:45,St. Gilloise,Charleroi,1,0,H,0,0,D,16,5,6,4,11,5,8,4,2,1,0,0,1.65,4,5,1.7,3.9,5,1.75,3.65,4.6,1.68,3.96,5.24,,,,1.65,3.9,4.8,1.83,4.02,5.24,1.68,3.87,4.88,1.72,2.07,1.77,2.12,1.79,2.28,1.72,2.09,-0.75,1.85,2,1.87,2.03,1.9,2.03,1.85,1.97,1.65,4,5,1.66,4,5.25,1.73,3.7,4.6,1.68,4.01,5.32,,,,1.62,3.9,5,1.8,4.1,5.45,1.65,3.94,5.02,1.7,2.1,1.73,2.17,1.76,2.3,1.69,2.15,-0.75,1.8,2.05,1.83,2.07,1.85,2.11,1.81,2.03
B1,30/07/2022,15:00,Cercle Brugge,Anderlecht,1,0,H,0,0,D,13,5,5,0,11,15,8,1,0,5,0,1,3.6,3.4,1.9,3.5,3.5,2.05,3.45,3.45,2,3.81,3.68,2,,,,3.7,3.5,1.95,3.92,3.68,2.05,3.62,3.53,1.99,1.8,2,1.79,2.08,1.85,2.08,1.78,2.02,0.5,1.88,1.98,1.89,2,1.93,2.03,1.84,1.97,3,3.2,2.2,3.25,3.4,2.2,3.15,3.3,2.15,3.38,3.33,2.28,,,,3.13,3.3,2.25,3.8,3.55,2.34,3.25,3.33,2.21,1.9,1.95,1.93,1.94,1.97,2.02,1.88,1.91,0.25,1.88,1.98,1.93,1.95,1.98,2.04,1.9,1.92
B1,30/07/2022,17:15,Oostende,Mechelen,2,1,H,2,0,H,9,19,7,7,5,14,6,9,0,2,1,0,2.62,3.4,2.4,2.75,3.5,2.45,2.65,3.4,2.45,2.79,3.72,2.46,,,,2.7,3.4,2.45,2.85,3.72,2.53,2.71,3.5,2.44,1.7,2.1,1.74,2.16,1.74,2.24,1.69,2.15,0,2.02,1.83,2.08,1.83,2.08,1.88,2.01,1.82,2.9,3.4,2.15,3.1,3.5,2.15,2.9,3.4,2.25,3.18,3.71,2.22,,,,3,3.5,2.2,3.18,3.71,2.32,3.02,3.52,2.23,1.72,2.07,1.79,2.09,1.79,2.18,1.74,2.08,0.25,1.85,2,1.95,1.93,1.95,2.01,1.89,1.94
B1,30/07/2022,17:15,Oud-Heverlee Leuven,Westerlo,2,0,H,1,0,H,11,14,5,0,11,15,5,6,2,3,0,1,2.5,3.4,2.62,2.5,3.4,2.75,2.45,3.35,2.75,2.56,3.63,2.73,,,,2.55,3.4,2.63,2.56,3.65,3.03,2.48,3.44,2.72,1.72,2.07,1.76,2.13,1.81,2.16,1.73,2.09,0,1.88,1.93,1.88,2.01,1.95,2.05,1.85,1.97,3.1,3.5,2.15,3.1,3.5,2.25,2.95,3.4,2.25,3.23,3.67,2.21,,,,3.13,3.5,2.15,3.25,3.7,2.34,3.13,3.5,2.19,1.8,2,1.79,2.09,2.02,2.13,1.76,2.05,0.25,1.95,1.9,1.96,1.93,1.99,1.97,1.93,1.9
B1,30/07/2022,19:45,Gent,St Truiden,1,1,D,1,0,H,13,11,4,7,14,12,3,6,2,2,0,0,1.5,4.2,5.5,1.57,4,5.25,1.53,4.1,6,1.53,4.31,6.61,,,,1.5,4,6.5,1.57,4.33,6.61,1.54,4.08,6.04,1.93,1.93,1.96,1.91,1.98,1.97,1.91,1.87,-1,1.95,1.9,1.94,1.94,2.04,1.95,1.93,1.88,1.57,4,5,1.58,4,5.75,1.6,3.9,5.5,1.58,4.12,6.11,,,,1.53,4,6,1.66,4.22,6.3,1.57,3.97,5.75,1.93,1.93,1.93,1.93,2.02,1.99,1.91,1.89,-1,2,1.85,2.03,1.86,2.07,1.92,1.99,1.84
B1,31/07/2022,12:30,Genk,Standard,3,1,H,3,1,H,16,10,5,2,15,11,7,4,3,4,0,0,1.5,4.2,5.25,1.53,4.33,5.25,1.53,4.3,5.75,1.52,4.35,6.15,,,,1.5,4.2,6,1.55,4.5,6.3,1.51,4.31,5.82,1.66,2.15,1.66,2.25,1.72,2.36,1.65,2.2,-1,1.88,1.98,1.88,2,1.92,2.05,1.86,1.96,1.53,4.2,4.5,1.62,4.2,5,1.6,4.3,4.8,1.58,4.5,5.51,,,,1.6,4.2,4.8,1.67,4.53,5.55,1.6,4.28,4.93,1.53,2.4,1.53,2.61,1.56,2.61,1.52,2.49,-1,1.95,1.9,1.96,1.93,2.14,1.93,1.98,1.84
B1,31/07/2022,15:00,Eupen,Club Brugge,2,1,H,2,1,H,13,13,6,5,18,13,5,7,4,2,1,0,5.25,4.75,1.5,5.75,4.6,1.49,6,4.7,1.45,6.13,4.92,1.46,,,,6,4.6,1.44,7,5.2,1.5,6,4.75,1.46,1.5,2.5,1.55,2.48,1.55,2.6,1.52,2.49,1.25,1.83,2.02,1.88,1.97,1.92,2.06,1.83,1.99,6,4.75,1.45,6.25,4.75,1.46,6.5,4.9,1.43,6.01,4.94,1.5,,,,7,4.75,1.4,7.25,5.35,1.5,6.28,4.83,1.44,1.53,2.4,1.58,2.46,1.58,2.59,1.53,2.46,1.25,1.83,2.02,1.86,2.03,1.96,2.04,1.89,1.94
B1,31/07/2022,17:30,Seraing,Kortrijk,0,1,A,0,0,D,18,7,4,3,17,9,3,4,2,2,1,1,2.87,3.4,2.25,2.65,3.3,2.45,2.8,3.3,2.35,2.92,3.45,2.43,,,,2.9,3.3,2.38,3,3.47,2.48,2.86,3.34,2.4,1.9,1.95,1.91,1.93,2,1.97,1.88,1.9,0.25,1.83,2.02,1.78,2.09,1.87,2.14,1.78,2.05,2.9,3.25,2.3,3.1,3.25,2.45,2.9,3.15,2.35,3.2,3.28,2.4,,,,3.1,3.25,2.3,3.3,3.43,2.45,3.07,3.22,2.35,2.1,1.7,2.14,1.75,2.35,1.81,2.08,1.74,0.25,1.85,2,1.85,2.05,1.91,2.05,1.83,2.01
B1,31/07/2022,20:00,Antwerp,Waregem,1,0,H,0,0,D,17,12,7,4,6,14,3,6,2,3,0,1,1.36,4.5,7,1.4,4.8,7.5,1.37,4.9,7.25,1.4,5.15,7.14,,,,1.36,4.8,8,1.44,5.3,8,1.38,4.91,7.28,1.61,2.25,1.65,2.27,1.68,2.36,1.62,2.25,-1.25,1.88,1.98,1.86,1.99,1.91,2.01,1.85,1.96,1.4,4.5,5.75,1.49,4.6,6,1.43,4.8,6,1.45,5.1,6.6,,,,1.4,4.8,6.5,1.51,5.2,6.65,1.44,4.81,6.23,1.47,2.6,1.5,2.67,1.5,2.7,1.47,2.62,-1.25,1.98,1.88,1.95,1.93,2,1.93,1.94,1.88
B1,05/08/2022,19:45,Club Brugge,Waregem,1,1,D,0,0,D,23,7,7,4,7,17,7,4,2,3,0,0,1.22,6,9,1.29,6.25,9.25,1.27,6,10,1.27,6.84,9.3,,,,1.25,6,10.5,1.29,6.9,10.5,1.26,6.39,9.28,1.33,3.4,1.32,3.41,1.35,3.41,1.32,3.27,-1.75,1.83,2.02,1.89,1.98,1.9,2.07,1.86,1.97,1.28,5.5,7.5,1.41,5.5,6.5,1.35,5.75,7,1.36,5.7,7.79,,,,1.3,5.75,8,1.41,6.41,9.31,1.34,5.61,7.26,1.33,3.4,1.34,3.34,1.35,3.46,1.32,3.29,-1.5,1.83,2.02,2.05,1.85,2.07,2.07,1.91,1.9
B1,06/08/2022,15:00,Genk,Eupen,4,2,H,3,1,H,24,9,14,5,9,15,8,2,0,3,0,1,1.36,5,6.5,1.37,5.25,7.25,1.35,5.25,7,1.35,5.76,8.06,,,,1.33,5.25,7.5,1.38,5.8,8.25,1.35,5.3,7.43,1.44,2.7,1.42,2.93,1.48,2.93,1.44,2.72,-1.5,1.98,1.88,1.95,1.93,2.01,1.93,1.95,1.86,1.44,5,6,1.49,4.8,5.75,1.45,4.9,5.75,1.47,5.04,6.33,,,,1.44,4.8,6,1.49,5.14,6.4,1.45,4.9,5.92,1.4,2.87,1.44,2.85,1.51,3,1.42,2.79,-1.25,1.98,1.88,1.99,1.89,2.03,1.95,1.95,1.88
B1,06/08/2022,17:15,Charleroi,Oostende,1,3,A,0,1,A,15,9,3,6,11,7,9,5,2,1,0,0,1.6,3.8,5,1.63,4,5,1.6,4,5,1.62,4.38,5.23,,,,1.6,4,5.25,1.7,4.38,5.25,1.61,4.1,5.04,1.7,2.1,1.68,2.25,1.78,2.25,1.69,2.15,-1,2.05,1.75,2.03,1.87,2.23,1.87,2.03,1.79,1.66,3.75,4.5,1.72,3.9,4.6,1.67,3.9,4.3,1.72,4.11,4.68,,,,1.67,3.9,4.75,1.76,4.21,4.95,1.69,3.93,4.57,1.7,2.1,1.76,2.12,1.77,2.23,1.68,2.16,-0.75,1.9,1.95,1.92,1.97,1.93,2,1.88,1.95
B1,06/08/2022,17:15,Kortrijk,St Truiden,0,0,D,0,0,D,10,18,4,2,12,16,4,6,0,1,0,0,3,3.2,2.3,3,3.3,2.35,2.95,3.2,2.35,3.27,3.32,2.34,,,,3.1,3.25,2.3,3.3,3.45,2.4,3.07,3.26,2.33,2.05,1.75,2.13,1.76,2.13,1.84,2.05,1.75,0.25,1.85,2,1.88,2,1.89,2.04,1.83,1.99,3.2,3.3,2.2,3.25,3.25,2.3,3.1,3.25,2.2,3.3,3.44,2.28,,,,3.25,3.3,2.2,3.65,3.53,2.3,3.26,3.34,2.2,2.05,1.75,2.08,1.79,2.24,1.81,2.05,1.76,0.25,1.9,1.95,1.93,1.96,1.99,2,1.92,1.9
B1,06/08/2022,19:45,Mechelen,St. Gilloise,3,0,H,1,0,H,6,6,4,2,14,12,3,5,2,5,0,0,3,3.5,2.1,3.2,3.4,2.15,3,3.55,2.2,3.29,3.68,2.18,,,,3.13,3.6,2.1,3.31,3.77,2.2,3.14,3.58,2.14,1.7,2.1,1.7,2.22,1.76,2.22,1.68,2.16,0.25,1.95,1.9,1.99,1.9,2,1.92,1.94,1.87,3.75,3.6,1.85,3.8,3.75,1.9,3.4,3.65,1.97,3.93,3.9,1.91,,,,3.7,3.6,1.91,3.93,3.91,2.03,3.72,3.73,1.91,1.72,2.07,1.75,2.14,1.79,2.24,1.72,2.1,0.5,1.95,1.9,1.98,1.91,2.01,1.95,1.91,1.89
B1,07/08/2022,12:30,Standard,Cercle Brugge,2,0,H,2,0,H,10,6,7,3,15,17,6,6,1,2,0,0,2.55,3.2,2.55,2.7,3.5,2.45,2.6,3.3,2.5,2.78,3.54,2.56,,,,2.7,3.3,2.5,2.9,3.56,2.6,2.7,3.38,2.51,1.95,1.9,1.93,1.93,1.98,1.93,1.91,1.88,0,1.98,1.88,2.02,1.87,2.06,1.93,1.98,1.85,2.5,3.2,2.62,2.6,3.4,2.7,2.6,3.3,2.6,2.65,3.4,2.77,,,,2.6,3.3,2.63,2.8,3.5,2.96,2.58,3.36,2.65,1.95,1.9,1.95,1.92,1.97,1.94,1.9,1.89,0,1.88,1.98,1.9,1.99,1.97,2.05,1.88,1.95
B1,07/08/2022,15:00,Gent,Westerlo,2,1,H,2,1,H,15,9,5,3,11,10,10,7,2,0,0,0,1.61,4,4.75,1.65,4,5,1.65,3.9,4.8,1.68,3.82,5.2,,,,1.65,3.9,4.8,1.7,4.1,5.3,1.66,3.9,4.9,1.75,2.05,1.79,2.04,1.83,2.17,1.76,2.05,-0.75,1.85,2,1.88,1.97,1.88,2.05,1.85,1.97,1.7,3.8,4.33,1.8,3.6,4.6,1.73,3.6,4.3,1.82,3.61,4.78,,,,1.73,3.6,4.75,1.82,3.99,5,1.76,3.62,4.62,1.85,1.95,2.03,1.85,2.08,1.95,1.96,1.83,-0.75,1.95,1.9,2.07,1.83,2.11,1.92,1.99,1.84
B1,07/08/2022,17:30,Anderlecht,Seraing,3,1,H,3,0,H,12,5,6,2,14,8,2,1,1,1,0,0,1.25,5.5,11,1.27,6,10.5,1.25,6,10,1.27,5.82,9.95,,,,1.22,5.75,11.5,1.3,6.04,11.5,1.26,5.84,10.28,1.53,2.4,1.53,2.51,1.57,2.63,1.52,2.47,-1.75,1.95,1.9,1.98,1.85,2.08,1.94,1.96,1.86,1.22,6,12,1.26,6.5,11.5,1.25,6.25,11,1.23,6.48,11.55,,,,1.2,6,13,1.26,6.9,13.2,1.22,6.29,11.76,1.53,2.4,1.53,2.56,1.61,2.72,1.51,2.51,-1.75,1.88,1.98,1.89,2,1.93,2.05,1.86,1.97
B1,07/08/2022,20:00,Antwerp,Oud-Heverlee Leuven,4,2,H,2,1,H,17,8,4,4,7,11,8,7,2,1,0,0,1.61,4,4.75,1.65,4,5,1.6,4,4.9,1.59,4.35,5.25,,,,1.57,4.1,5.25,1.65,4.4,5.4,1.6,4.17,5.05,1.7,2.1,1.66,2.25,1.76,2.26,1.67,2.18,-1,2.08,1.73,2.01,1.85,2.14,1.88,2.01,1.8,1.53,4.33,5.25,1.63,4.33,4.8,1.53,4.5,5,1.57,4.57,5.47,,,,1.53,4.4,5.25,1.63,4.6,5.5,1.56,4.42,5.14,1.5,2.5,1.52,2.61,1.53,2.66,1.49,2.56,-1,1.93,1.93,1.94,1.94,2.03,2,1.9,1.91
B1,12/08/2022,19:45,Oostende,Gent,1,3,A,1,2,A,8,13,2,7,9,7,2,6,3,1,0,0,4.75,3.75,1.7,4.8,3.9,1.71,4.7,3.9,1.65,4.87,4.21,1.68,,,,4.8,3.9,1.65,4.9,4.21,1.71,4.74,4,1.66,1.7,2.1,1.76,2.12,1.79,2.24,1.72,2.1,0.75,1.95,1.9,2.02,1.87,2.05,1.9,1.98,1.84,5.25,3.8,1.61,5,4,1.66,4.9,3.9,1.65,5.04,4.25,1.66,,,,5,4,1.62,5.74,4.25,1.67,4.96,4.04,1.63,1.66,2.15,1.71,2.21,1.73,2.25,1.68,2.16,1,1.75,2.05,1.77,2.13,1.81,2.14,1.76,2.09
B1,13/08/2022,15:00,Westerlo,Standard,4,2,H,1,0,H,14,12,5,6,3,11,4,6,2,6,0,1,2.05,3.4,3.5,2.1,3.3,3.6,2.05,3.3,3.35,2.1,3.42,3.75,,,,2.05,3.3,3.6,2.15,3.61,3.75,2.07,3.37,3.53,1.98,1.88,2,1.87,2,1.91,1.94,1.85,-0.25,1.8,2.05,1.81,2.1,1.86,2.12,1.79,2.04,1.85,3.6,4,1.88,3.5,4.1,1.9,3.5,3.75,1.92,3.59,4.26,,,,1.85,3.6,4,2,3.75,4.3,1.89,3.57,3.97,1.9,1.95,1.91,1.96,2.08,2.05,1.85,1.93,-0.5,1.85,2,1.92,1.97,1.95,2.06,1.88,1.94
B1,13/08/2022,17:15,Cercle Brugge,Mechelen,0,0,D,0,0,D,12,10,2,4,9,13,8,8,1,3,0,0,2.1,3.6,3.3,2.1,3.5,3.3,2.1,3.5,3.2,2.15,3.7,3.36,,,,2.1,3.4,3.3,2.15,3.76,3.4,2.1,3.55,3.29,1.72,2.07,1.77,2.11,1.87,2.13,1.76,2.05,-0.25,1.83,2.02,1.87,2.02,1.88,2.05,1.82,2,2.15,3.5,3.2,2.15,3.5,3.3,2.1,3.4,3.2,2.27,3.39,3.36,,,,2.1,3.5,3.3,2.27,3.62,3.7,2.13,3.43,3.32,1.85,2,1.86,2.01,1.88,2.18,1.8,2,-0.25,1.93,1.93,1.94,1.94,1.98,2.12,1.85,1.98
B1,13/08/2022,17:15,Seraing,Charleroi,0,1,A,0,0,D,11,13,3,5,8,13,4,6,2,2,0,0,4.33,3.5,1.8,4.2,3.7,1.82,3.8,3.65,1.85,4.22,3.83,1.82,,,,4.2,3.6,1.8,4.33,4,1.87,4.07,3.72,1.83,1.85,2,1.86,2.02,1.87,2.08,1.81,1.99,0.5,2.02,1.83,2.06,1.83,2.08,1.88,2.01,1.82,4.2,3.6,1.8,4.2,3.7,1.8,4,3.65,1.8,4.3,3.92,1.83,,,,4.2,3.7,1.8,4.76,3.97,1.87,4.17,3.74,1.8,1.83,2.02,1.87,2,1.88,2.12,1.81,1.99,0.5,2.05,1.8,2.08,1.83,2.11,1.86,2.04,1.8
B1,13/08/2022,19:45,St. Gilloise,Kortrijk,2,1,H,1,0,H,17,6,9,2,22,11,5,1,0,3,0,0,1.4,4.75,7,1.46,4.5,6.75,1.43,4.5,6.75,1.46,4.65,6.61,,,,1.4,4.33,7.5,1.47,4.75,7.5,1.44,4.53,6.84,1.72,2.07,1.75,2.1,1.8,2.18,1.72,2.1,-1.25,2,1.85,2.03,1.87,2.03,1.91,1.98,1.84,1.33,5.25,8.5,1.34,5.25,9.25,1.33,5.25,8.75,1.34,5.11,10.08,,,,1.3,5,10,1.37,5.41,10.08,1.32,5.1,9.27,1.66,2.15,1.71,2.21,1.77,2.25,1.69,2.16,-1.5,1.95,1.9,1.97,1.92,2.02,1.94,1.94,1.88
B1,14/08/2022,12:30,St Truiden,Anderlecht,0,3,A,0,2,A,12,10,6,7,13,11,6,5,4,3,0,0,3.6,3.5,2,3.7,3.5,2,3.45,3.45,2.05,3.59,3.5,2.08,,,,3.6,3.4,2,3.7,3.59,2.11,3.53,3.46,2.04,1.98,1.88,2,1.88,2,1.93,1.92,1.86,0.5,1.83,2.02,1.79,2.07,1.89,2.08,1.79,2.03,3.1,3.2,2.3,3.2,3.25,2.15,3.2,3.25,2.2,3.24,3.4,2.32,,,,3.2,3.3,2.2,3.55,3.49,2.32,3.23,3.3,2.23,2.07,1.72,2.11,1.77,2.14,1.85,2.03,1.77,0.25,1.85,2,1.89,1.99,1.97,2.02,1.89,1.93
B1,14/08/2022,15:00,Eupen,Antwerp,0,1,A,0,0,D,16,9,5,3,12,9,6,3,4,0,0,0,4,3.6,1.85,3.8,3.75,1.88,3.55,3.65,1.95,3.65,3.85,1.95,,,,3.75,3.6,1.9,4,4,1.98,3.65,3.75,1.91,1.66,2.15,1.67,2.23,1.69,2.33,1.65,2.2,0.5,1.95,1.9,1.9,1.95,1.99,1.96,1.9,1.91,3.8,3.6,1.85,3.75,3.7,1.9,3.55,3.65,1.95,3.96,3.86,1.91,,,,3.7,3.75,1.87,4.24,3.95,1.95,3.77,3.73,1.89,1.61,2.25,1.68,2.25,1.69,2.35,1.65,2.2,0.5,1.98,1.88,1.98,1.91,2,1.94,1.92,1.89
B1,14/08/2022,17:30,Oud-Heverlee Leuven,Club Brugge,0,3,A,0,2,A,13,12,2,6,6,12,7,5,3,2,0,0,5.25,3.75,1.65,4.5,4.2,1.68,4.6,4,1.65,4.62,4.19,1.68,,,,4.75,4,1.65,5.25,4.31,1.69,4.55,4.12,1.67,1.53,2.4,1.57,2.43,1.6,2.5,1.54,2.41,0.75,2,1.85,1.99,1.86,2.05,1.88,1.98,1.84,4.5,3.6,1.75,4.1,4,1.77,3.9,3.85,1.75,4.39,4.11,1.77,,,,4.1,4,1.73,4.68,4.35,1.82,4.17,3.98,1.75,1.57,2.35,1.56,2.52,1.6,2.7,1.52,2.48,0.75,1.85,2,1.92,1.98,1.92,2.04,1.86,1.97
B1,14/08/2022,20:00,Waregem,Genk,1,4,A,1,3,A,15,15,6,6,14,16,4,8,4,2,0,0,4.33,3.8,1.72,4.2,4,1.75,3.85,3.9,1.75,4.19,4.41,1.71,,,,4.2,3.9,1.73,4.33,4.5,1.79,4.11,4.09,1.74,1.53,2.4,1.54,2.52,1.56,2.55,1.53,2.46,0.75,1.88,1.98,1.93,1.92,1.95,1.99,1.89,1.92,4,3.75,1.8,3.8,4,1.85,3.6,3.9,1.8,3.87,4.34,1.83,,,,3.8,4,1.8,4.35,4.4,1.87,3.8,4.06,1.82,1.5,2.5,1.5,2.66,1.51,2.8,1.47,2.63,0.5,2.05,1.8,2.06,1.82,2.07,1.87,2.01,1.82
B1,19/08/2022,19:45,Eupen,Seraing,1,3,A,0,3,A,12,16,5,7,17,10,7,6,5,3,0,0,1.7,3.8,4.75,1.75,3.8,4.6,1.73,3.8,4.3,1.73,4.03,4.74,,,,1.7,3.8,4.6,1.75,4.03,5,1.71,3.84,4.58,1.75,2.05,1.79,2.09,1.82,2.17,1.76,2.04,-0.75,1.9,1.95,1.94,1.94,1.94,1.99,1.91,1.92,1.65,3.8,4.75,1.7,4,4.75,1.63,4,4.7,1.69,4.08,4.98,,,,1.65,3.9,4.8,1.72,4.4,5.7,1.65,4,4.88,1.7,2.1,1.76,2.12,1.82,2.24,1.71,2.11,-0.75,1.88,1.98,1.88,2,1.93,2.2,1.84,2
B1,20/08/2022,15:00,Oostende,St Truiden,0,1,A,0,1,A,12,9,6,3,12,16,5,5,2,4,0,0,3.2,3.25,2.25,3.1,3.3,2.3,3.05,3.25,2.25,3.22,3.5,2.29,,,,3.13,3.2,2.3,3.38,3.5,2.31,3.12,3.33,2.27,2.05,1.75,2.11,1.78,2.15,1.8,2.07,1.74,0.25,1.85,2,1.92,1.97,1.92,2.06,1.86,1.96,2.87,3.25,2.45,2.87,3.2,2.5,2.75,3.25,2.4,3.03,3.2,2.56,,,,2.88,3.2,2.45,3.1,3.45,2.56,2.89,3.27,2.43,2.1,1.7,2.23,1.69,2.23,1.78,2.09,1.72,0.25,1.73,2.08,1.75,2.17,1.83,2.21,1.75,2.09
B1,20/08/2022,17:15,Genk,Cercle Brugge,2,1,H,1,0,H,15,9,5,2,7,19,7,5,1,1,0,0,1.61,4.33,4.5,1.61,4.2,5,1.57,4.2,5,1.62,4.17,5.53,,,,1.6,4,5.25,1.64,4.4,5.8,1.59,4.17,5.14,1.6,2.3,1.62,2.37,1.64,2.47,1.6,2.3,-1,2.05,1.8,2.08,1.82,2.08,1.92,2,1.82,1.7,4.2,4.33,1.71,4,4.5,1.73,3.9,4.1,1.72,4.11,4.72,,,,1.7,3.9,4.4,1.74,4.3,5,1.71,4,4.44,1.6,2.3,1.62,2.37,1.68,2.38,1.62,2.26,-0.75,1.9,1.95,1.92,1.97,1.98,1.99,1.91,1.91
B1,21/08/2022,12:30,Club Brugge,Kortrijk,2,1,H,2,1,H,29,9,12,2,16,12,15,2,3,3,0,1,1.33,5,9.5,1.33,5.5,8.5,1.33,5.5,8.25,1.29,6.02,10.23,,,,1.3,5.25,9,1.33,6.02,10.5,1.31,5.5,9,1.53,2.4,1.53,2.59,1.55,2.62,1.51,2.5,-1.5,1.9,1.95,1.89,1.99,1.97,2.02,1.88,1.94,1.3,5.25,10,1.32,5.75,8.5,1.33,5.5,8,1.31,5.89,9.48,,,,1.29,5.5,9,1.34,6,10.4,1.31,5.55,8.86,1.47,2.6,1.5,2.66,1.56,2.66,1.49,2.57,-1.5,1.88,1.98,1.9,1.98,1.92,2.01,1.87,1.95
B1,21/08/2022,15:00,Waregem,Charleroi,1,3,A,1,1,D,9,15,4,6,5,7,2,5,2,0,0,0,3.1,3.75,2.15,3.1,3.6,2.05,3,3.6,2.1,3.11,3.85,2.16,,,,3.2,3.6,2.1,3.3,3.9,2.17,3.12,3.7,2.13,1.6,2.3,1.64,2.28,1.65,2.35,1.62,2.27,0.25,1.95,1.9,1.96,1.89,2.07,1.9,1.97,1.85,2.75,3.75,2.37,2.87,3.6,2.35,2.75,3.55,2.3,2.87,3.67,2.43,,,,2.8,3.6,2.3,3.15,3.82,2.43,2.86,3.62,2.31,1.6,2.3,1.63,2.37,1.68,2.39,1.6,2.31,0.25,1.77,2.1,1.8,2.11,1.89,2.11,1.81,2.02
B1,21/08/2022,17:30,Standard,Oud-Heverlee Leuven,1,3,A,0,2,A,25,7,8,5,11,15,10,3,3,4,0,1,1.95,3.75,3.4,2,3.7,3.4,2.05,3.65,3.2,2.01,3.78,3.51,,,,2,3.6,3.4,2.1,3.83,3.55,2.02,3.68,3.39,1.65,2.2,1.65,2.27,1.69,2.36,1.65,2.22,-0.5,2,1.85,2.01,1.85,2.05,1.9,2.01,1.82,1.85,3.75,3.6,2,3.7,3.5,2,3.6,3.3,1.94,3.79,3.91,,,,1.91,3.7,3.6,2.05,3.95,4.03,1.95,3.69,3.63,1.65,2.2,1.67,2.28,1.71,2.29,1.66,2.18,-0.5,1.95,1.9,1.94,1.94,2.02,1.97,1.95,1.88
B1,21/08/2022,20:00,Mechelen,Westerlo,5,4,H,1,1,D,14,14,7,8,11,7,4,5,1,2,0,0,2.62,3.25,2.7,2.55,3.4,2.65,2.5,3.35,2.55,2.49,3.65,2.71,,,,2.55,3.3,2.7,2.62,3.69,2.8,2.51,3.46,2.66,1.85,2,1.83,2.01,1.92,2.11,1.81,1.99,0,1.85,2,1.85,2.01,1.94,2.02,1.85,1.96,3,3.2,2.37,2.9,3.3,2.45,2.7,3.2,2.5,3.08,3.33,2.45,,,,2.8,3.3,2.45,3.08,3.52,2.7,2.86,3.27,2.48,2,1.85,2.02,1.85,2.07,1.9,1.97,1.83,0,2.1,1.7,2.19,1.73,2.2,1.91,2.04,1.79
B1,26/08/2022,19:45,Charleroi,Club Brugge,1,3,A,1,2,A,21,16,6,6,9,6,2,5,1,0,0,0,3.6,3.8,1.95,3.7,3.75,1.93,3.4,3.65,1.97,3.7,3.79,2,,,,3.5,3.7,1.95,4.05,3.97,2.01,3.59,3.74,1.95,1.66,2.15,1.67,2.27,1.7,2.35,1.64,2.24,0.5,1.88,1.98,1.89,2,1.93,2.01,1.87,1.96,3.3,3.75,2.05,3.3,3.7,2.05,3.25,3.65,2.05,3.35,3.8,2.12,,,,3.4,3.6,2,3.95,3.97,2.16,3.37,3.71,2.02,1.66,2.15,1.68,2.26,1.7,2.35,1.64,2.22,0.25,2.02,1.83,2.05,1.85,2.18,1.89,2.06,1.78
B1,27/08/2022,15:00,Seraing,Genk,0,4,A,0,1,A,10,11,3,4,10,13,5,2,2,3,0,0,5.75,4.5,1.5,5.25,4.33,1.44,5.75,4.5,1.5,6.01,4.54,1.54,,,,6,4.2,1.5,6.01,4.75,1.55,5.73,4.5,1.5,1.53,2.4,1.58,2.46,1.6,2.55,1.54,2.42,1,2.05,1.8,2.05,1.85,2.09,1.89,2.02,1.81,6.5,4.75,1.44,6.25,4.6,1.46,6.25,4.8,1.43,7.32,4.86,1.44,,,,6.5,4.4,1.45,7.32,4.91,1.53,6.27,4.66,1.46,1.5,2.5,1.56,2.58,1.6,2.6,1.52,2.49,1.25,1.95,1.9,1.85,1.91,1.98,2.1,1.85,1.96
B1,27/08/2022,17:15,Cercle Brugge,Waregem,1,1,D,1,1,D,23,8,6,4,10,16,6,4,1,2,0,0,1.75,3.75,4.5,1.82,3.8,4.1,1.75,3.85,3.95,1.81,4,4.28,,,,1.8,3.6,4.2,1.82,4.1,4.55,1.78,3.87,4.16,1.7,2.1,1.76,2.13,1.88,2.17,1.72,2.09,-0.75,2,1.85,2.05,1.85,2.05,1.93,1.98,1.84,1.72,3.8,5,1.78,3.8,4.33,1.73,3.8,4,1.8,3.97,4.69,,,,1.73,3.8,4.4,1.83,4.1,5.05,1.77,3.84,4.31,1.7,2.1,1.74,2.15,1.83,2.23,1.72,2.1,-0.75,1.93,1.93,2.02,1.87,2.05,1.94,1.98,1.85
B1,27/08/2022,17:15,Oud-Heverlee Leuven,Oostende,2,1,H,0,1,A,11,15,6,5,9,15,2,7,1,3,0,0,1.95,3.5,3.6,2,3.7,3.4,2,3.65,3.25,2.04,3.82,3.56,,,,2,3.4,3.5,2.15,3.85,3.6,2.01,3.68,3.4,1.7,2.1,1.78,2.11,1.8,2.17,1.71,2.11,-0.5,2,1.85,2.04,1.86,2.05,1.9,1.99,1.82,2.25,3.6,2.9,2.2,3.7,2.95,2.2,3.7,2.85,2.2,3.93,3.08,,,,2.2,3.7,2.9,2.26,4,3.47,2.18,3.77,2.97,1.57,2.35,1.6,2.43,1.69,2.45,1.59,2.34,-0.25,1.93,1.93,1.93,1.95,2.05,2.09,1.91,1.92
B1,27/08/2022,19:45,St Truiden,Mechelen,3,1,H,0,0,D,10,2,4,2,10,15,4,3,1,3,0,0,2.1,3.3,3.4,2.1,3.5,3.3,2.1,3.4,3.2,2.24,3.46,3.35,,,,2.2,3.2,3.2,2.24,3.63,3.5,2.15,3.44,3.27,1.9,1.95,1.92,1.95,1.95,2.1,1.87,1.92,-0.25,1.88,1.98,1.93,1.96,1.93,2.05,1.87,1.95,2.1,3.2,3.5,2.2,3.3,3.3,2.2,3.25,3.2,2.16,3.44,3.57,,,,2.1,3.3,3.4,2.42,3.56,3.65,2.19,3.32,3.33,2.02,1.83,2.02,1.81,2.11,1.95,2,1.79,-0.25,1.85,2,1.86,2.03,2.03,2.04,1.88,1.95
B1,28/08/2022,12:30,Gent,Antwerp,1,2,A,1,2,A,15,6,4,4,12,11,6,2,2,3,0,0,1.9,3.6,3.75,1.95,3.7,3.6,1.95,3.65,3.45,1.99,3.43,4.15,,,,1.95,3.4,3.7,2.09,3.85,4.15,1.95,3.59,3.7,1.85,2,1.88,1.98,1.9,2.08,1.81,1.98,-0.5,1.95,1.9,1.99,1.89,1.99,1.98,1.95,1.88,1.75,3.75,4.33,1.8,3.7,4.4,1.8,3.75,4.1,1.82,3.62,4.73,,,,1.75,3.7,4.4,1.85,3.89,4.73,1.79,3.67,4.32,1.93,1.93,1.93,1.93,1.97,1.98,1.88,1.91,-0.75,2.05,1.8,2.07,1.83,2.09,1.85,2.02,1.81
B1,28/08/2022,15:00,Kortrijk,Standard,0,1,A,0,0,D,6,16,2,5,10,19,4,9,4,3,1,0,2.7,3.25,2.62,2.5,3.5,2.65,2.55,3.4,2.5,2.71,3.59,2.53,,,,2.7,3.25,2.55,2.71,3.63,2.75,2.62,3.45,2.55,1.88,1.98,1.83,2.02,1.92,2.05,1.84,1.95,0,1.98,1.88,2,1.86,2.01,1.96,1.96,1.87,2.37,3.4,2.9,2.35,3.5,2.95,2.4,3.45,2.65,2.4,3.63,2.93,,,,2.3,3.5,2.88,2.8,3.66,3,2.39,3.52,2.8,1.72,2.07,1.78,2.1,1.83,2.14,1.75,2.05,-0.25,2.05,1.8,2.08,1.82,2.39,1.86,2.06,1.78
B1,28/08/2022,17:30,St. Gilloise,Anderlecht,2,1,H,2,1,H,11,9,6,5,11,8,7,7,3,1,0,0,2.25,3.3,3.2,2.2,3.6,3.1,2.2,3.5,2.95,2.17,3.55,3.3,,,,2.25,3.3,3.13,2.27,3.71,3.33,2.19,3.5,3.13,1.88,1.98,1.87,1.97,1.92,2.03,1.84,1.95,-0.25,1.93,1.93,1.88,1.97,1.99,1.97,1.9,1.92,2.15,3.2,3.75,2.1,3.3,3.5,2.25,3.3,3.05,2.15,3.38,3.66,,,,2.1,3.3,3.4,2.26,3.6,3.75,2.16,3.32,3.36,2.15,1.66,2.18,1.72,2.32,1.9,2.11,1.71,-0.25,1.83,2.02,1.85,2.05,1.92,2.09,1.86,1.97
B1,28/08/2022,20:00,Westerlo,Eupen,0,1,A,0,0,D,7,15,5,2,10,15,5,10,2,1,0,0,1.85,3.5,4.2,1.82,3.6,4.2,1.83,3.6,3.95,,,,,,,1.8,3.5,4.33,1.97,3.81,4.33,1.84,3.59,4.16,1.83,2.02,,,1.88,2.17,1.8,2.01,-0.5,1.88,1.98,,,1.88,2.13,1.83,1.98,1.53,4.2,6,1.58,4.33,5.5,1.55,4.3,5.5,1.56,4.55,5.73,,,,1.53,4.2,5.5,1.59,4.6,6,1.55,4.33,5.45,1.61,2.25,1.62,2.39,1.67,2.47,1.61,2.29,-1,1.93,1.93,1.93,1.95,2,1.98,1.91,1.92
B1,31/08/2022,19:30,Antwerp,St. Gilloise,4,2,H,4,1,H,10,8,4,3,11,10,4,3,2,0,0,2,2.75,3.25,2.55,2.6,3.3,2.7,2.6,3.3,2.5,2.82,3.45,2.58,,,,2.8,3.2,2.5,2.87,3.5,2.7,2.72,3.37,2.52,1.93,1.93,1.94,1.93,1.95,1.98,1.89,1.89,0,2.02,1.83,2.04,1.86,2.06,1.86,2,1.83,3.5,3.2,2.2,3.4,3.2,2.3,3.15,3.2,2.25,3.51,3.25,2.27,,,,3.3,3.2,2.2,3.51,3.4,2.35,3.29,3.23,2.24,2.1,1.7,2.19,1.72,2.21,1.84,2.12,1.7,0.25,1.93,1.93,1.96,1.93,1.98,2,1.91,1.91
B1,01/09/2022,19:30,Anderlecht,Gent,0,1,A,0,0,D,10,10,1,5,10,13,5,3,2,2,0,0,2.2,3.4,3.3,2.15,3.4,3.3,2.2,3.4,3.05,2.11,3.64,3.37,,,,2.15,3.3,3.3,2.25,3.75,3.38,2.12,3.54,3.23,1.8,2.05,1.75,2.1,1.88,2.11,1.76,2.04,-0.25,1.9,1.95,1.83,2.03,1.9,2.04,1.83,1.99,2.3,3.1,3.4,2.3,3.2,3.2,2.4,3.15,2.95,2.33,3.14,3.49,,,,2.3,3.1,3.2,2.4,3.32,3.49,2.33,3.13,3.22,2.15,1.66,2.2,1.71,2.35,1.75,2.14,1.69,-0.25,1.95,1.9,1.97,1.88,2.03,1.94,1.98,1.85
B1,02/09/2022,19:45,Club Brugge,Cercle Brugge,4,0,H,1,0,H,8,13,4,2,10,18,7,4,1,2,0,0,1.6,4.33,4.5,1.61,4.33,5.25,1.6,4.2,4.9,1.6,4.34,5.56,,,,1.57,4.1,5.25,1.62,4.35,6,1.59,4.18,5.15,1.65,2.2,1.68,2.26,1.7,2.29,1.66,2.2,-1,2,1.85,2.04,1.86,2.05,1.93,2,1.83,1.7,4.2,4,1.7,4.1,4.75,1.63,4.2,4.6,1.76,4.01,4.61,,,,1.67,4,4.6,1.78,4.3,5.4,1.67,4.02,4.67,1.7,2.1,1.73,2.18,1.74,2.29,1.67,2.18,-0.75,1.95,1.9,1.98,1.9,2.01,2.1,1.87,1.96
B1,03/09/2022,15:00,Genk,St Truiden,0,0,D,0,0,D,17,8,4,3,13,12,8,6,1,3,0,0,1.65,4,5,1.63,4.1,5,1.63,4,4.8,1.66,4.18,5.11,,,,1.65,3.9,4.8,1.7,4.2,5.11,1.65,4.03,4.82,1.66,2.15,1.71,2.2,1.75,2.2,1.68,2.15,-0.75,1.85,2,1.84,2.06,1.88,2.06,1.83,2,1.75,3.75,4.5,1.78,3.75,4.6,1.73,3.6,4.3,1.79,3.71,4.78,,,,1.75,3.6,4.5,1.82,4,5.3,1.76,3.67,4.55,1.93,1.93,1.95,1.92,2.08,1.95,1.91,1.87,-0.5,1.77,2.02,1.79,2.11,1.83,2.11,1.77,2.07
B1,03/09/2022,17:15,Eupen,Kortrijk,0,1,A,0,0,D,21,14,5,3,16,7,8,4,5,3,0,0,2.25,3.4,3.1,2.25,3.5,3.1,2.2,3.35,3,2.27,3.52,3.24,,,,2.25,3.3,3.13,2.4,3.71,3.24,2.23,3.43,3.09,1.8,2,1.81,2.06,1.97,2.07,1.8,1.99,-0.25,1.95,1.9,1.96,1.93,1.98,1.95,1.93,1.9,2,3.5,3.6,2,3.6,3.6,2,3.55,3.4,2.03,3.65,3.74,,,,2,3.5,3.5,2.1,3.73,3.8,2.01,3.57,3.53,1.83,2.02,1.86,2.01,1.88,2.09,1.8,1.98,-0.5,2.02,1.83,2.03,1.86,2.06,1.87,2.01,1.82
B1,03/09/2022,17:15,Mechelen,Seraing,2,3,A,2,1,H,8,6,5,2,14,17,9,3,2,2,0,0,1.57,4.33,5.25,1.58,4.2,5.25,1.57,4.2,5.25,1.56,4.45,5.83,,,,1.55,4,5.75,1.6,4.5,6.5,1.56,4.27,5.41,1.61,2.25,1.66,2.29,1.67,2.52,1.63,2.24,-1,1.95,1.9,1.95,1.93,1.99,2,1.93,1.89,1.61,4.2,5,1.63,4,5,1.6,4.1,4.9,1.63,4.31,5.22,,,,1.62,4,5,1.66,4.33,5.6,1.62,4.12,4.97,1.66,2.15,1.68,2.26,1.71,2.51,1.65,2.2,-0.75,1.77,2.02,1.79,2.1,1.84,2.1,1.78,2.06
B1,03/09/2022,19:45,Standard,Oostende,1,0,H,0,0,D,15,14,5,5,10,7,5,4,2,2,0,0,2,3.5,3.75,2.05,3.6,3.4,2.05,3.55,3.35,1.99,3.82,3.7,,,,1.95,3.5,3.6,2.14,3.84,3.75,2,3.64,3.5,1.8,2,1.74,2.16,1.84,2.16,1.75,2.06,-0.5,2.02,1.83,1.99,1.9,2.02,1.93,1.97,1.85,1.95,3.75,3.8,1.93,3.8,3.6,1.95,3.7,3.35,1.97,3.82,3.76,,,,1.95,3.6,3.6,2.04,3.82,3.8,1.95,3.72,3.58,1.61,2.25,1.64,2.34,1.76,2.34,1.64,2.23,-0.5,1.95,1.9,1.97,1.92,1.98,1.95,1.94,1.88
B1,04/09/2022,12:30,Anderlecht,Oud-Heverlee Leuven,2,2,D,0,1,A,21,12,6,4,11,13,12,2,3,1,0,0,1.4,5,8.5,1.38,5.25,7.5,1.37,5.25,7,1.38,5.41,7.85,,,,1.33,5,8,1.4,5.41,8.5,1.37,5.12,7.46,1.47,2.6,1.46,2.79,1.51,2.9,1.45,2.66,-1.5,2.02,1.83,2.01,1.88,2.05,1.88,1.99,1.83,1.36,5,9.5,1.36,5.25,8.25,1.33,5.5,7.75,1.35,5.4,8.97,,,,1.3,5.25,9,1.37,5.6,9.57,1.33,5.32,8.35,1.5,2.5,1.5,2.65,1.56,2.74,1.48,2.6,-1.5,1.9,1.95,1.95,1.93,1.98,1.96,1.91,1.91
B1,04/09/2022,15:00,Antwerp,Westerlo,3,0,H,1,0,H,12,11,3,3,10,8,3,6,0,2,0,0,1.9,4,3.6,1.95,3.6,3.75,1.95,3.65,3.5,1.91,3.81,3.84,,,,1.9,3.5,3.9,1.97,4,4,1.91,3.68,3.76,1.75,2.05,1.75,2.1,1.83,2.26,1.75,2.05,-0.5,1.88,1.98,1.91,1.94,1.93,2.01,1.89,1.92,1.8,4,4,1.9,3.6,3.9,1.9,3.65,3.75,1.82,3.79,4.49,,,,1.8,3.7,4.1,1.9,4.1,4.7,1.83,3.71,4.11,1.8,2.05,1.84,2.04,1.9,2.11,1.8,2,-0.5,1.8,2.05,1.81,2.07,1.88,2.07,1.82,2.01
B1,04/09/2022,17:30,Charleroi,Gent,2,1,H,1,1,D,14,9,7,1,6,6,4,4,2,0,0,1,3.4,3.4,2.1,3.3,3.5,2.15,3.05,3.4,2.15,3.31,3.72,2.11,,,,3.3,3.4,2.1,3.55,3.75,2.2,3.25,3.54,2.11,1.75,2.05,1.76,2.08,1.86,2.08,1.78,2.01,0.25,2.02,1.83,2.02,1.84,2.07,1.89,1.99,1.83,3.4,3.3,2.1,3.4,3.5,2.15,3.25,3.4,2.1,3.47,3.64,2.12,,,,3.4,3.5,2.05,3.77,3.7,2.15,3.38,3.49,2.09,1.85,2,1.87,2,1.97,2.02,1.84,1.95,0.25,2.05,1.8,2.05,1.84,2.09,1.86,2.02,1.81
B1,04/09/2022,20:00,Waregem,St. Gilloise,1,3,A,0,1,A,9,12,1,4,14,16,7,3,3,3,0,1,5.25,3.75,1.65,4.6,3.8,1.73,4.4,3.8,1.7,4.71,4.12,1.68,,,,5,3.75,1.67,5.25,4.2,1.74,4.66,3.92,1.69,1.72,2.07,1.74,2.13,1.82,2.23,1.73,2.09,0.75,2,1.85,1.99,1.87,2.05,1.91,1.95,1.86,5.25,4,1.6,5.25,4.1,1.61,5.25,4.2,1.6,5.32,4.38,1.61,,,,5.25,4.1,1.57,5.55,4.4,1.61,5.21,4.21,1.58,1.7,2.1,1.69,2.23,1.72,2.29,1.66,2.18,1,1.83,2.02,1.88,2.01,1.93,2.09,1.84,1.99
B1,09/09/2022,19:45,St Truiden,Standard,1,2,A,0,2,A,22,11,5,2,12,14,7,0,0,3,0,0,2.15,3.3,3.3,2.2,3.4,3.3,2.15,3.35,3.15,2.23,3.42,3.42,,,,2.15,3.3,3.25,2.23,3.53,3.65,2.17,3.41,3.26,2.05,1.8,2.07,1.81,2.07,1.89,1.98,1.81,-0.25,1.88,1.98,1.92,1.97,1.92,2.03,1.87,1.95,2.05,3.25,3.6,2.15,3.3,3.5,2.15,3.25,3.3,2.2,3.32,3.6,,,,2.15,3.3,3.4,2.2,3.45,3.8,2.14,3.29,3.45,2.15,1.66,2.2,1.71,2.23,1.82,2.13,1.7,-0.25,1.85,2,1.88,2.01,1.89,2.04,1.84,1.98
B1,10/09/2022,15:00,Kortrijk,Mechelen,1,4,A,0,2,A,12,10,3,5,7,13,10,3,3,5,0,0,2.6,3.4,2.6,2.55,3.6,2.55,2.55,3.5,2.55,2.65,3.79,2.55,,,,2.6,3.4,2.55,2.66,3.79,2.75,2.59,3.58,2.53,1.7,2.1,1.72,2.18,1.78,2.21,1.7,2.12,0,1.95,1.9,1.98,1.91,1.98,1.96,1.94,1.89,3,3.5,2.2,3,3.6,2.25,2.7,3.5,2.35,3.05,3.79,2.26,,,,2.9,3.6,2.25,3.15,3.79,2.45,2.86,3.6,2.3,1.7,2.1,1.72,2.18,1.75,2.21,1.69,2.13,0.25,1.93,1.93,1.91,1.98,1.96,2.1,1.84,1.99
B1,10/09/2022,17:15,Oostende,Eupen,1,0,H,0,0,D,10,13,5,3,14,19,3,6,5,3,1,0,2.1,3.6,3.3,2.1,3.7,3.2,2.1,3.6,3.05,2.12,3.85,3.32,,,,2.1,3.5,3.25,2.25,3.88,3.32,2.1,3.68,3.18,1.66,2.15,1.68,2.25,1.78,2.35,1.67,2.17,-0.25,1.85,2,1.85,2.04,1.88,2.04,1.83,1.99,2.15,3.6,3.1,2.15,3.7,3,2.3,3.6,2.75,2.22,3.73,3.16,,,,2.2,3.6,3,2.3,3.8,3.25,2.2,3.65,3.01,1.61,2.25,1.65,2.33,1.7,2.35,1.63,2.25,-0.25,1.9,1.95,1.93,1.95,2,2.01,1.92,1.91
B1,10/09/2022,17:15,Seraing,Club Brugge,0,2,A,0,0,D,4,11,1,4,20,9,2,1,4,2,0,0,7.5,4.75,1.4,6.5,4.75,1.46,6.5,4.7,1.43,7.6,4.73,1.44,,,,7,4.6,1.4,8.25,4.8,1.47,6.87,4.66,1.43,1.57,2.35,1.61,2.4,1.62,2.49,1.58,2.35,1.25,1.9,1.95,1.89,1.99,1.95,1.99,1.87,1.94,5.5,4.2,1.55,5.5,4.2,1.58,5.25,4,1.6,6.33,4.37,1.53,,,,5.75,4.1,1.53,6.8,4.7,1.6,5.66,4.26,1.54,1.7,2.1,1.7,2.22,1.82,2.48,1.67,2.18,1,1.95,1.9,1.98,1.91,2.12,1.96,1.91,1.91
B1,10/09/2022,19:45,Oud-Heverlee Leuven,Charleroi,3,2,H,1,1,D,10,7,4,5,10,14,2,1,1,4,0,0,2.75,3.5,2.37,2.7,3.75,2.35,2.65,3.7,2.3,2.84,3.87,2.36,,,,2.8,3.6,2.3,3,3.87,2.38,2.76,3.72,2.32,1.6,2.3,1.65,2.33,1.65,2.44,1.6,2.31,0.25,1.75,2.05,1.83,2.07,1.86,2.11,1.79,2.03,3,3.5,2.2,2.85,3.8,2.25,2.75,3.65,2.25,2.93,3.82,2.33,,,,2.88,3.75,2.2,3.12,3.88,2.33,2.87,3.73,2.25,1.53,2.4,1.58,2.47,1.61,2.53,1.54,2.42,0.25,1.85,2,1.86,2.03,1.88,2.05,1.85,1.98
B1,11/09/2022,12:30,Westerlo,Anderlecht,2,1,H,1,0,H,13,12,6,3,9,15,1,6,2,3,0,0,2.8,3.3,2.45,2.8,3.5,2.4,2.7,3.35,2.4,2.94,3.58,2.35,,,,2.8,3.4,2.38,3.2,3.64,2.45,2.84,3.47,2.36,1.83,2.02,1.8,2.03,1.85,2.15,1.79,2,0.25,1.7,2.1,1.82,2.04,1.83,2.13,1.78,2.04,4,3.5,1.9,3.75,3.6,1.95,3.5,3.55,1.95,3.93,3.66,1.97,,,,3.75,3.6,1.91,4.37,3.75,2.06,3.68,3.58,1.96,1.93,1.93,1.93,1.94,1.99,2.11,1.83,1.95,0.5,1.9,1.95,1.92,1.97,1.97,2.03,1.86,1.96
B1,11/09/2022,15:00,Cercle Brugge,Antwerp,0,2,A,0,1,A,13,11,6,4,9,13,3,3,1,3,0,0,2.8,3.4,2.4,2.85,3.5,2.37,2.75,3.4,2.4,2.98,3.6,2.32,,,,2.9,3.3,2.38,3,3.66,2.4,2.88,3.48,2.33,1.88,1.98,1.92,1.92,1.97,1.99,1.87,1.91,0.25,1.77,2.1,1.84,2.02,1.86,2.11,1.8,2.02,2.75,3.4,2.45,2.8,3.4,2.45,2.75,3.4,2.35,2.82,3.46,2.57,,,,2.88,3.3,2.38,3.3,3.56,2.57,2.87,3.4,2.39,1.95,1.9,1.95,1.92,1.98,1.94,1.91,1.87,0,2.02,1.83,2.04,1.85,2.16,1.89,2.08,1.77
B1,11/09/2022,17:30,St. Gilloise,Genk,1,2,A,0,1,A,10,14,3,4,14,12,4,5,4,3,0,0,2.05,3.5,3.4,2.1,3.6,3.2,2.05,3.55,3.15,2.13,3.6,3.36,,,,2.1,3.5,3.3,2.15,3.8,3.45,2.09,3.57,3.28,1.66,2.15,1.72,2.15,1.8,2.21,1.7,2.13,-0.25,1.8,2.05,1.85,2.01,1.85,2.09,1.81,2.01,2.25,3.4,3.1,2.3,3.5,2.9,2.35,3.5,2.75,2.31,3.51,3.17,,,,2.25,3.6,2.9,2.44,3.73,3.17,2.3,3.48,2.95,1.75,2.05,1.76,2.13,1.78,2.28,1.7,2.13,-0.25,2,1.85,1.99,1.89,2.09,1.89,1.99,1.84
B1,11/09/2022,20:00,Gent,Waregem,2,0,H,0,0,D,23,5,6,1,7,10,4,4,0,2,0,0,1.33,5,8,1.35,5.25,8,1.35,5.25,8,1.36,5.34,7.68,,,,1.33,5,8.5,1.38,5.5,8.55,1.35,5.14,7.79,1.6,2.3,1.57,2.44,1.62,2.48,1.56,2.37,-1.5,2,1.85,2.02,1.84,2.05,1.91,1.99,1.83,1.33,5,8,1.4,5.25,7.5,1.35,5.25,7.5,1.36,5.55,8.26,,,,1.33,5,8.5,1.4,5.55,8.5,1.36,5.14,7.59,1.6,2.3,1.56,2.52,1.6,2.55,1.54,2.43,-1.5,2,1.85,1.99,1.89,2.07,1.89,2,1.82
B1,16/09/2022,19:45,Antwerp,Seraing,2,1,H,2,1,H,12,10,4,2,12,12,5,3,3,2,0,0,1.33,5.25,8,1.33,5.25,9.25,1.33,5.25,8,1.34,5.48,9.11,,,,1.3,5.25,9,1.35,5.6,9.3,1.33,5.23,8.53,1.6,2.3,1.64,2.34,1.65,2.45,1.6,2.3,-1.5,1.98,1.88,2,1.89,2.01,1.95,1.95,1.87,1.33,5,8.5,1.36,4.8,9,1.37,4.8,8,1.35,5.17,9.76,,,,1.33,4.8,9,1.38,5.5,9.8,1.34,4.99,8.68,1.72,2.07,1.78,2.11,1.79,2.19,1.72,2.1,-1.5,2.02,1.83,2.09,1.82,2.09,1.88,2.01,1.81
B1,17/09/2022,15:00,Mechelen,Oud-Heverlee Leuven,0,0,D,0,0,D,12,10,2,1,8,8,10,1,2,2,1,0,1.85,3.8,3.8,1.93,3.9,3.5,1.9,3.85,3.45,1.91,4.11,3.72,,,,1.9,3.75,3.6,2,4.2,4,1.91,3.94,3.53,1.5,2.5,1.49,2.7,1.52,2.75,1.48,2.56,-0.5,1.9,1.95,1.91,1.97,1.96,1.98,1.91,1.91,1.95,4.2,3.1,2,3.9,3.3,2,4,3.05,2.04,4.05,3.38,,,,2,3.9,3.2,2.06,4.37,3.6,1.99,3.99,3.26,1.47,2.6,1.49,2.71,1.51,2.9,1.45,2.69,-0.5,2,1.85,2.04,1.86,2.07,1.91,1.98,1.84
B1,17/09/2022,17:15,Cercle Brugge,Oostende,2,2,D,2,0,H,18,16,6,7,11,10,10,7,1,3,0,0,1.8,3.5,4.5,1.75,3.8,4.5,1.75,3.7,4.1,1.82,3.94,4.28,,,,1.8,3.5,4.4,1.9,3.95,4.5,1.79,3.73,4.23,1.9,1.95,1.93,1.94,1.96,2,1.85,1.93,-0.75,2.02,1.83,2.08,1.83,2.09,1.85,2.02,1.81,1.95,3.3,3.8,1.98,3.5,3.75,1.97,3.5,3.5,1.92,3.86,3.93,,,,1.95,3.5,3.7,2.04,3.86,4,1.96,3.58,3.69,1.88,1.98,1.87,2.01,2.08,2.03,1.86,1.93,-0.5,1.98,1.88,1.92,1.97,2.01,1.97,1.95,1.87
B1,17/09/2022,17:15,Waregem,St Truiden,0,3,A,0,1,A,4,18,2,8,13,15,0,4,1,3,1,0,2.87,3.25,2.45,2.75,3.4,2.45,2.75,3.3,2.4,2.89,3.51,2.49,,,,2.8,3.25,2.45,3.15,3.55,2.49,2.82,3.37,2.43,1.93,1.93,1.96,1.91,1.96,1.95,1.9,1.88,0.25,1.75,2.05,1.76,2.14,1.8,2.17,1.74,2.09,3.4,3.1,2.3,3.1,3.3,2.3,3.05,3.15,2.35,3.27,3.4,2.31,,,,3.2,3.2,2.25,3.5,3.55,2.36,3.17,3.26,2.29,2.25,1.61,2.28,1.67,2.3,1.73,2.2,1.66,0.25,1.9,1.95,1.91,1.98,1.95,2.02,1.87,1.95
B1,17/09/2022,19:45,Charleroi,Westerlo,2,3,A,1,2,A,14,7,4,3,9,4,1,0,0,0,0,0,2.1,3.5,3.4,2.15,3.6,3.1,2.2,3.45,3,2.2,3.71,3.24,,,,2.2,3.4,3.13,2.25,3.71,3.55,2.16,3.55,3.16,1.7,2.1,1.75,2.14,1.78,2.29,1.71,2.11,-0.25,1.88,1.98,1.91,1.98,1.92,2.02,1.87,1.94,2.25,3.3,3.25,2.15,3.5,3.25,2.25,3.35,2.95,2.32,3.54,3.13,,,,2.2,3.4,3.1,2.32,3.65,3.54,2.24,3.44,3.09,1.9,1.95,1.88,1.98,1.97,2.04,1.85,1.95,-0.25,1.98,1.88,2.01,1.88,2.02,1.95,1.94,1.88
B1,18/09/2022,12:30,Genk,Gent,1,0,H,0,0,D,10,9,6,0,13,11,5,5,2,2,0,0,2.2,3.4,3.1,2.2,3.6,3,2.15,3.5,3,2.14,3.74,3.23,,,,2.2,3.4,3.13,2.28,3.83,3.23,2.19,3.58,3.04,1.7,2.1,1.71,2.15,1.76,2.18,1.7,2.12,-0.25,1.9,1.95,1.86,1.99,1.97,1.99,1.91,1.9,2.2,3.4,3.2,2.25,3.6,3,2.2,3.45,2.95,2.26,3.6,3.19,,,,2.2,3.5,3,2.26,3.7,3.5,2.2,3.53,3.09,1.72,2.07,1.76,2.12,1.8,2.23,1.71,2.11,-0.25,1.95,1.9,1.96,1.93,2.01,1.98,1.93,1.9
B1,18/09/2022,15:00,Eupen,St. Gilloise,1,2,A,1,1,D,9,12,4,3,8,19,5,5,3,2,1,0,4,3.5,1.9,3.7,3.75,1.9,3.6,3.65,1.9,3.99,3.93,1.85,,,,3.9,3.6,1.87,4.35,3.98,1.92,3.8,3.73,1.87,1.72,2.07,1.76,2.08,1.78,2.23,1.71,2.1,0.5,2,1.85,2.01,1.85,2.01,1.92,1.94,1.87,4.2,3.4,1.9,3.9,3.5,1.93,3.65,3.4,1.95,4.02,3.53,1.99,,,,3.8,3.5,1.93,4.45,3.6,1.99,3.9,3.5,1.93,1.95,1.9,2,1.88,2.08,2.03,1.93,1.86,0.5,1.9,1.95,1.9,1.99,1.97,1.99,1.89,1.93
B1,18/09/2022,17:30,Standard,Club Brugge,3,0,H,1,0,H,9,10,6,1,10,14,1,8,4,2,1,0,3.8,3.6,1.9,3.6,3.9,1.9,3.55,3.65,1.95,3.78,3.72,1.95,,,,3.75,3.6,1.91,4.5,3.9,1.97,3.68,3.71,1.91,1.66,2.15,1.66,2.25,1.69,2.28,1.64,2.2,0.5,1.9,1.95,1.9,1.95,1.97,1.95,1.89,1.92,3.8,3.6,1.9,3.5,3.9,1.93,3.45,3.7,1.95,4.04,3.98,1.86,,,,3.7,3.75,1.87,4.2,3.98,1.95,3.74,3.8,1.89,1.57,2.35,1.59,2.44,1.75,2.45,1.58,2.35,0.5,1.98,1.88,2.03,1.86,2.05,1.92,1.94,1.88
B1,18/09/2022,20:00,Anderlecht,Kortrijk,4,1,H,1,0,H,12,8,5,3,17,8,9,6,1,2,0,0,1.33,5.5,7.5,1.36,5,8.25,1.33,5.25,8,1.34,5.34,8.72,,,,1.33,4.8,9,1.4,5.5,9,1.34,5.12,8.29,1.61,2.25,1.61,2.36,1.7,2.38,1.61,2.27,-1.5,2,1.85,2.04,1.83,2.1,1.9,2,1.82,1.33,5.75,7.5,1.35,5.25,8.5,1.33,5.25,8,1.32,5.65,9.5,,,,1.3,5.25,9,1.4,5.75,9.5,1.33,5.25,8.5,1.53,2.4,1.55,2.54,1.67,2.54,1.57,2.38,-1.5,1.9,1.95,1.94,1.94,2.03,1.97,1.95,1.88
